{"version":1,"manifestVersion":"1","title":"许愿","description":"原神许愿自定义抽卡，帮助你选择。","mainView":"index.vue","feature":"card","size":{"height":1,"width":1},"type":"vue3-sfc","extra":{"projectName":"ysWish","largeFiles":["assets/video.mp4","assets/kaedehara-kazuha.png","assets/hu-tao.png","assets/info-bg.png","assets/bg.jpeg","assets/bookmark.png","assets/cursor.png","assets/plate.png","assets/result-bg.png","assets/stone.png","assets/wish-bt-icon.png","assets/wish-button.png","assets/wish-count.png","assets/sounds/beep.ogg","assets/sounds/bookflip.mp3","assets/sounds/changebanner.ogg","assets/sounds/click.ogg","assets/sounds/close.ogg","assets/sounds/reveal-5star.ogg","assets/sounds/roll.ogg","assets/sounds/start.m4a","assets/sounds/wish-bg.ogg","assets/fonts/AlimamaDaoLiTi.woff2"]}}